{
  "timestamp": "2025-04-20T17:34:16.061532",
  "duration_seconds": 115.4671540260315,
  "sources_total": 15,
  "sources_processed": 15,
  "items_total": 1700
}