{
  "timestamp": "2025-04-20T17:44:00.183872",
  "duration_seconds": 116.35217618942261,
  "sources_total": 15,
  "sources_processed": 15,
  "items_total": 1700
}