{
  "timestamp": "2025-04-20T17:47:20.577674",
  "duration_seconds": 119.65262508392334,
  "sources_total": 15,
  "sources_processed": 15,
  "items_total": 8500
}