{
  "timestamp": "2025-04-20T17:29:07.735281",
  "duration_seconds": 56.225008726119995,
  "sources_total": 15,
  "sources_processed": 15,
  "items_total": 520
}