{
  "timestamp": "2025-05-01T08:59:03.874188",
  "duration_seconds": 118.2549979686737,
  "sources_total": 15,
  "sources_processed": 15,
  "items_total": 8500
}