{
  "timestamp": "2025-05-01T11:01:46.847400",
  "duration_seconds": 117.91529297828674,
  "sources_total": 15,
  "sources_processed": 15,
  "items_total": 8500
}